{
    "pose_final": {
        "point":{
            "x": 7.4131340980529785,
            "y": 3.5637714862823486,
            "z": 0.0
        },
        "orientation":{
            "x": 0.0,
            "y": 0.0,
            "z": 0.6651316160080673,
            "w": 0.7467261435000766
        }
    }
}