{
    "ending_point": {
        "point": {
            "x": -1.1618349794495682,
            "y": -0.7005690849357978,
            "z": 0.0
        },
        "orientation": {
            "x": 0.0,
            "y": 0.0,
            "z": 0.21975044621421416,
            "w": 0.9755561190360367
        }
    },
    "pose_table1": {
        "point": {
            "x":-2.397034732330022,
            "y": -1.0446395393769932,
            "z": 0.0
        },
        "orientation": {
            "x": 0.0,
            "y": 0.0,
            "z": -0.9852411227116017,
            "w": 0.17117222355856254
        }
    },
    "pose_table2": {
        "point" : {
            "x": -2.206383876271993,
            "y": -1.4844191326019052,
            "z": 0.0
        },
        "orientation" :{
            "x": 0.0,
            "y": 0.0,
            "z": -0.9733241102236044,
            "w": 0.2294344709441648
        }
    },
    "pose_table3": {
        "point" : {
            "x": -1.83561976826105,
            "y": -2.0855344239232023,
            "z": 0.0
        },
        "orientation" :{
            "x": 0.0,
            "y": 0.0,
            "z": -0.9591487446690062,
            "w": 0.2829022544976789
        }
    },
    "pose_shelf1" : {
        "point" : {
            "x": 1.040199637413025,
            "y": 0.32006150484085083,
            "z": 0.0
        },
        "orientation" :{
            "x": 0.0,
            "y": 0.0,
            "z": 0.274189520917726,
            "w": 0.9616756764205424
        }
    },
    "pose_shelf2" : {
        "point" : {
            "x": -3.874807708860564,
            "y": -3.9739822010403936,
            "z": 0.0
        },
        "orientation" :{
            "x": 0.0,
            "y": 0.0,
            "z": 0.9991439971969766,
            "w": 0.04136753395173795
        }
    },
    "pose_shelf3" : {
        "point" : {
            "x": -3.874807708860564,
            "y": -3.9739822010403936,
            "z": 0.0
        },
        "orientation" :{
            "x": 0.0,
            "y": 0.0,
            "z": 0.9991439971969766,
            "w": 0.04136753395173795
        }
    },
    "point_place": {
        "x": -0.266,
        "y": 1.297,
        "z": 0.706
    },
    "point_shelf_left": {
        "x": -4.58768367767334,
        "y": -4.200411319732666,
        "z": 0.706
    },
    "point_shelf_right": {
        "x": -4.590838432312012,
        "y": -3.505005359649658,
        "z": 0.706
    },
    "arm_pos_navigating": [
        -86.0, 
        -52.0, 
        18.0, 
        2.0, 
        34.0, 
        -73.0, 
        -9.0
    ],
    "arm_pos_scan1": [
        0.0,
        -43.0,
        0.0,
        45.0,
        0.0,
        31.0,
        0.0
    ],
    "arm_pos_scan2": [
        0.0,
        -43.0,
        0.0,
        45.0,
        0.0,
        31.0,
        0.0
    ],
    "arm_pos_scan3": [
        0.0,
        -43.0,
        0.0,
        45.0,
        0.0,
        31.0,
        0.0
    ],
    "arm_pos_drop": [
        -87.0,
        -5.0,
        26.0,
        20.0,
        30.0,
        -80.0,
        0.0
    ],
    "arm_pos_placing": [
        -87.0, 
        -44.0, 
        26.0, 
        20.0, 
        30.0, 
        -80.0, 
        0.0
    ],
    "n_layers": 2,
    "drugs": [
        "aspirin",
        "paracetamol"
    ]
}
