{
  "_comment_doc": "PickAndPlace Setup-Days overrides. All keys mirror config._default_constants(); any omitted key falls back to that default. Update poses + designated_trash_labels after Setup Days announcement.",

  "pose_kitchen_entry": {
    "point": {"x": 7.718596935272217, "y": -3.1580276489257812, "z": 0.0},
    "orientation": {"x": 0.0, "y": 0.0, "z": 0.7434147332265314, "w": 0.6688307217986664}
  },
  "pose_table": {
    "point": {"x": 6.652161121368408, "y": 1.0959501266479492, "z": 0.0},
    "orientation": {"x": 0.0, "y": 0.0, "z": 0.600841249092913, "w": 0.799368371521208}
  },
  "pose_wash_staging": {
    "_comment": "Safe surface near the dishwasher. NOT inside the rack. Hardware can't accurate-place — see RULEBOOK_PLAN.md.",
    "point": {"x": 5.007904052734375, "y": -1.1149567365646362, "z": 0.0},
    "orientation": {"x": 0.0, "y": 0.0, "z": -0.6528581976045131, "w": 0.7574801474762137}
  },
  "pose_trash_bin": {
    "point": {"x": 8.588899612426758, "y": 0.9738611578941345, "z": 0.0},
    "orientation": {"x": 0.0, "y": 0.0, "z": 0.5812893898243487, "w": 0.8136969001278279}
  },
  "pose_cabinet": {
    "point": {"x": 4.723733425140381, "y": 1.4949901103973389, "z": 0.0},
    "orientation": {"x": 0.0, "y": 0.0, "z": 0.6024897271091465, "w": 0.7981266370244424}
  },
  "pose_kitchen_shelf": {
    "_comment": "Designated bowl/spoon retrieval surface in the kitchen.",
    "point": {"x": 2.739459753036499, "y": -1.388053297996521, "z": 0.0},
    "orientation": {"x": 0.0, "y": 0.0, "z": -0.6837741202825591, "w": 0.7296937387917019}
  },

  "point_wash_staging":     {"x": 1.4,  "y": -0.6, "z": 0.75},
  "point_trash_bin":        {"x": -0.6, "y":  0.8, "z": 0.75},
  "point_cabinet_default":  {"x": 1.5,  "y": -1.3, "z": 0.85},
  "point_kitchen_surface":  {"x": 0.9,  "y": -1.0, "z": 0.75},

  "point_breakfast_bowl":   {"x": 1.20, "y": 0.50, "z": 0.75},
  "point_breakfast_spoon":  {"x": 1.20, "y": 0.62, "z": 0.75},
  "point_breakfast_cereal": {"x": 1.35, "y": 0.50, "z": 0.75},
  "point_breakfast_milk":   {"x": 1.35, "y": 0.62, "z": 0.75},

  "point_shelf_left":  {"x": 1.30, "y": -1.40, "z": 0.0},
  "point_shelf_right": {"x": 1.60, "y": -1.20, "z": 0.0},

  "arm_pos_navigating": [-87.0, -58.8, -2.4, 8.0, 12.3, -68.5, -8.2],
  "arm_pos_scan":       [0.0, -45.0, 0.0, 30.0, 0.0, -75.0, 0.0],
  "arm_pos_placing":    [0.0, -30.0, 0.0, 60.0, 0.0, -90.0, 0.0],
  "arm_pos_drop":       [0.0, -20.0, 0.0, 70.0, 0.0, -90.0, 0.0],

  "designated_trash_labels": ["paper cup"],
  "cutlery_labels":          ["fork", "knife", "spoon"],
  "tableware_labels":        ["plate", "mug", "cup", "bowl"],

  "table_scan_prompt": "fork . knife . spoon . plate . mug . cup . bowl . paper cup . napkin . bottle . can . wrapper . snack bag . pringles . chocolate . ketchup . oats . tuna",

  "n_layers": 2,
  "max_runtime_sec": 390.0,
  "nav_retry_limit": 3,
  "scan_retry_limit": 2,
  "grasp_retry_limit": 2
}
