{
  "_comment_doc": "PickAndPlace Setup-Days overrides. All keys mirror config._default_constants(); any omitted key falls back to that default. Update poses + designated_trash_labels after Setup Days announcement.",
  "arm_pos_wash_drop": [
    0.0,
    6.0,
    0.0,
    36.0,
    0.0,
    -60.0,
    1.0
  ],
  "arm_pos_wash": [
    0.0,
    -33.0,
    0.0,
    -1.0,
    0.0,
    -58.0,
    0.0
  ],
  "pose_kitchen_entry": {
    "point": {
      "x": 7.718596935272217,
      "y": -3.1580276489257812,
      "z": 0.0
    },
    "orientation": {
      "x": 0.0,
      "y": 0.0,
      "z": 0.7434147332265314,
      "w": 0.6688307217986664
    }
  },
  "pose_table_1": {
    "point": {
      "x": 3.581890720522987,
      "y": -0.08777339592119537,
      "z": 0.0
    },
    "orientation": {
      "x": 0.0,
      "y": 0.0,
      "z": -0.6680746065186547,
      "w": 0.7440942951837117
    }
  },
  "pose_table_2": {
    "point": {
      "x": 2.694267749786377,
      "y": -1.4582240581512451,
      "z": 0.0
    },
    "orientation": {
      "x": 0.0,
      "y": 0.0,
      "z": 0.03881485621619159,
      "w": 0.9992464195266934
    }
  },
  "pose_table_3": {
    "point": {
      "x": 2.7346906661987305,
      "y": -2.138838291168213,
      "z": 0.0
    },
    "orientation": {
      "x": 0.0,
      "y": 0.0,
      "z": 0.03767706710904235,
      "w": 0.9992899672337658
    }
  },  
  "pose_table_4": {
    "point": {
      "x": 4.046437740325928,
      "y": -2.9557433128356934,
      "z": 0.0
    },
    "orientation": {
      "x": 0.0,
      "y": 0.0,
      "z": 0.7454045438470278,
      "w": 0.6666123806322565
    }
  }, 
  "pose_table_5": {
    "point": {
      "x": 4.946712970733643,
      "y": -1.8029149770736694,
      "z": 0.0
    },
    "orientation": {
      "x": 0.0,
      "y": 0.0,
      "z": -0.9967214499156319,
      "w": 0.08090952526174375
    }
  },  
  "pose_table_6": {
    "point": {
      "x": 4.822920799255371,
      "y": -1.081668734550476,
      "z": 0.0
    },
    "orientation": {
      "x": 0.0,
      "y": 0.0,
      "z": -0.9980528492654567,
      "w": 0.062373953483033956
    }
  },  
  "pose_wash_staging": {
    "_comment": "Safe surface near the dishwasher. NOT inside the rack. Hardware can't accurate-place — see RULEBOOK_PLAN.md.",
    "point": {
      "x": 7.8489602424084435,
      "y": 1.5253572810542548,
      "z": 0.0
    },
    "orientation": {
      "x": 0.0,
      "y": 0.0,
      "z": 0.7797465155472496,
      "w": 0.6260953373823532
    }
  },
  "pose_trash_bin": {
    "point": {
      "x": 7.103644448582499,
      "y": -2.836402366675992,
      "z": 0.0
    },
    "orientation": {
      "x": 0.0,
      "y": 0.0,
      "z": -0.9431411447496567,
      "w": 0.33239251056590785
    }
  },
  "pose_cabinet": {
    "point": {
      "x": 4.908637727000521,
      "y": 1.656723292589364,
      "z": 0.0
    },
    "orientation": {
      "x": 0.0,
      "y": 0.0,
      "z": 0.048868556567524465,
      "w": 0.9988052183378933
    }
  },
  "pose_kitchen_shelf": {
    "_comment": "Designated bowl/spoon retrieval surface in the kitchen.",
    "point": {
      "x": 2.739459753036499,
      "y": -1.388053297996521,
      "z": 0.0
    },
    "orientation": {
      "x": 0.0,
      "y": 0.0,
      "z": -0.6837741202825591,
      "w": 0.7296937387917019
    }
  },
  "point_wash_staging": {
    "x": 1.4,
    "y": -0.6,
    "z": 0.75
  },
  "point_cabinet_default": {
    "x": 1.5,
    "y": -1.3,
    "z": 0.85
  },
  "point_kitchen_surface": {
    "x": 0.9,
    "y": -1.0,
    "z": 0.75
  },
  "point_breakfast_bowl": {
    "x": 1.20,
    "y": 0.50,
    "z": 0.75
  },
  "point_breakfast_spoon": {
    "x": 1.20,
    "y": 0.62,
    "z": 0.75
  },
  "point_breakfast_cereal": {
    "x": 1.35,
    "y": 0.50,
    "z": 0.75
  },
  "point_breakfast_milk": {
    "x": 1.35,
    "y": 0.62,
    "z": 0.75
  },
  "point_shelf_left": {
    "x": 1.30,
    "y": -1.40,
    "z": 0.0
  },
  "point_shelf_right": {
    "x": 1.60,
    "y": -1.20,
    "z": 0.0
  },
  "arm_pos_navigating": [
    -87.0,
    -58.8,
    -2.4,
    8.0,
    12.3,
    -68.5,
    -8.2
  ],
  "arm_pos_table": [
    0.0,
    -43.0,
    4.0,
    73.0,
    0.0,
    71.0,
    5.0
  ],
  "arm_pos_cabinet": [
    0.0,
    -41.0,
    0.0,
    0.0,
    0.0,
    -49.0,
    0.0
  ],
  "arm_pos_cleaning_station": [
    0.0,
    -53.0,
    2.0,
    49.0,
    0.0,
    50.0,
    1.0
  ],
  "arm_pos_trash": [
    0.0,
    -15.0,
    0.0,
    17.0,
    0.0,
    -58.0,
    0.0
  ],
  "designated_trash_labels": [
    "paper cup"
  ],
  "cutlery_labels": [
    "fork",
    "knife",
    "spoon"
  ],
  "tableware_labels": [
    "plate",
    "mug",
    "cup",
    "bowl"
  ],
  "table_scan_prompt": "fork . knife . spoon . plate . mug . cup . bowl . paper cup . napkin . bottle . can . wrapper . snack bag . pringles . chocolate . ketchup . oats . tuna",
  "n_layers": 2,
  "max_runtime_sec": 390.0,
  "nav_retry_limit": 3,
  "scan_retry_limit": 2,
  "grasp_retry_limit": 2
}