{
    "pose_inspection": {
        "point":{
            "x": 0.024601559509590316,
            "y": 0.22977789101336443,
            "z": 0.0
        },
        "orientation":{
            "x": 0.0,
            "y": 0.0,
            "z": -0.034192071872226656,
            "w": 0.9994152801618977
        }
    },
    "pose_exit":{
        "point":{
            "x": 0.024601559509590316,
            "y": 0.22977789101336443,
            "z": 0.0
        },
        "orientation":{
            "x": 0.0,
            "y": 0.0,
            "z": -0.034192071872226656,
            "w": 0.9994152801618977
        }
    }
}