{
    "pose_door": {
        "point": {
            "x": 3.5590407848358154,
            "y": -0.57440185546875,
            "z": 0.0
        },
        "orientation": {
            "x": 0.0,
            "y": 0.0,
            "z": -0.7184151100638781,
            "w": 0.6956146416169702
        }
    },
    "pose_sofa": {
        "point": {
            "x": 5.270984649658203,
            "y": 1.7232067584991455,
            "z": 0.0
        },
        "orientation": {
            "x": 0.0,
            "y": 0.0,
            "z": -0.04155884440100148,
            "w": 0.9991360580281613
        }
    },
    "_pose_door": {
        "point": {
            "x": 10.140212059020996,
            "y": -9.970355987548828,
            "z": 0.0
        },
        "orientation": {
            "x": 0.0,
            "y": 0.0,
            "z": -0.6743387327444873,
            "w": 0.7384221512932552
        }
    },
    "_pose_sofa": {
        "point": {
            "x": 9.97336828751306,
            "y": -7.229833270775271,
            "z": 0.0
        },
        "orientation": {
            "x": 0.0,
            "y": 0.0,
            "z": -0.9985866828782638,
            "w": 0.053147312050431085
        }
    },
    "seat_catalog": [
        "left leather sofa",
        "right small leather sofa",
        "leftmost spot on the large center sofa",
        "middle spot on the large center sofa",
        "rightmost spot on the large center sofa"
    ],
    "arm_pos_navigating": [
        -87.4,
        -58.8,
        -2.4,
        8.0,
        12.3,
        -68.5,
        -8.2
    ],
    "arm_pos_point_to": [
        -85.0,
        0.0,
        0.0,
        0.0,
        0.0,
        -90.0,
        0.0
    ],
    "arm_pos_handover": [
        0.0,
        0.0,
        0.0,
        0.0,
        0.0,
        -90.0,
        0.0
    ],
    "arm_pos_drop": [
        0.0,
        0.0,
        0.0,
        0.0,
        0.0,
        0.0,
        0.0
    ],
    "host_name": "John",
    "host_drink": "coffee",
    "drinks": [
        "orange",
        "water",
        "sprite",
        "cola"
    ],
    "names": [
        "Jack",
        "John",
        "Allen",
        "Richard",
        "Mike",
        "Grace",
        "Linda",
        "Lily",
        "Lucy",
        "Jennier"
    ],
    "follow": {
        "lost_short_sec": 5.0,
        "lost_long_sec": 15.0,
        "n_nav_retry": 3,
        "n_restart": 2,
        "follow_timeout_sec": 2.0,
        "target_frame": "map",
        "target_point_topic": "/target_points",
        "track_action_name": "track_person",
        "follow_action_name": "tracking_server",
        "announce_short": "Please stop and wait for Tinker to catch up.",
        "announce_long": "I've lost you. Please come back in front of Tinker."
    }
}
