{
    "guest1_drink_position": "left",
    "guest2_drink_position": "right",
    "pose_door": {
        "point": {
            "x": -2.079118013381958,
            "y": -1.450566291809082,
            "z": 0.0
        },
        "orientation": {
            "x": 0.0,
            "y": 0.0,
            "z": 0.010491964754606679,
            "w": 0.9999449578229734
        }
    },  
    "pose_sofa": {
        "point": {
            "x": -2.079118013381958,
            "y": -1.450566291809082,
            "z": 0.0
        },
        "orientation": {
            "x": 0.0,
            "y": 0.0,
            "z": 0.010491964754606679,
            "w": 0.9999449578229734
        }
    },
    "pose_table": {
        "point": {
            "x": -0.39821896042177235,
            "y": -1.9252790988886317,
            "z": 0.0
        },
        "orientation": {
            "x": 0.0,
            "y": 0.0,
            "z": 0.07532464755682203,
            "w": 0.9971590632744811
        }
    },
    "arm_pos_navigating": [
        -87.0,
        -40.0,
        28.0,
        0.0,
        30.0,
        -86.0,
        0.0
    ],
    "arm_pos_point_to": [
        -85.0,
        0.0,
        0.0,
        0.0,
        0.0,
        -90.0,
        0.0
    ],
    "host_name": "John",
    "host_drink": "coffee",
    "host_interest": "swimming",
    "drinks": [
        "kuat",
        "fanta",
        "milk",
        "orange juice",
        "coke",
        "coffee"
    ],
    "names": [
        "Maria",
        "Ana",
        "Anna",
        "Francisca",
        "Antonia",
        "Adriana",
        "Juliana",
        "Marcia",
        "Fernanda",
        "Patricia",
        "Aline",
        "Jose",
        "Joao",
        "Antonio",
        "Francisco",
        "Carlos"
    ]
}