{
    "guest1_drink_position": "left",
    "guest2_drink_position": "right",
    "pose_door": {
        "point": {
            "x": -1.6556295156478882,
            "y": -1.2389070987701416,
            "z": 0.0
        },
        "orientation": {
            "x": 0.0,
            "y": 0.0,
            "z": -0.8993946938623091,
            "w": 0.4371374894153136
        }
    },  
    "pose_sofa": {
        "point": {
            "x": 0.21399368345737457,
            "y": 0.27030667662620544,
            "z": 0.0
        },
        "orientation": {
            "x": 0.0,
            "y": 0.0,
            "z": 0.40301491871962025,
            "w": 0.9151934086789622
        }
    },
    "pose_table": {
        "point": {
            "x": -2.9846384525299072,
            "y": 1.2839581966400146,
            "z": 0.0
        },
        "orientation": {
            "x": 0.0,
            "y": 0.0,
            "z": 0.40036980220162,
            "w": 0.9163536552472717
        }
    },
    "arm_pos_navigating": [
        -87.0,
        -40.0,
        28.0,
        0.0,
        30.0,
        -86.0,
        0.0
    ],
    "arm_pos_point_to": [
        -85.0,
        0.0,
        0.0,
        0.0,
        0.0,
        -90.0,
        0.0
    ],
    "host_name": "John",
    "host_drink": "coffee",
    "host_interest": "swimming",
    "drinks": [
        "water",
        "cola",
        "soft drink",
        "orange juice",
        "milk"
    ],
    "names": [
        "Maria",
        "Ana",
        "Francisca",
        "Antonia",
        "Adriana",
        "Juliana",
        "Marcia",
        "Fernanda",
        "Patricia",
        "Aline",
        "Jose",
        "Joao",
        "Antonio",
        "Francisco",
        "Carlos"
    ]
}