{
    "pose_door": {
        "point": {
            "x": -3.468674848875779,
            "y": 2.9934023886863295,
            "z": 0.0
        },
        "orientation": {
            "x": 0.0,
            "y": 0.0,
            "z": 0.8974513988079672,
            "w": 0.44111334912652894
        }
    },  
    "pose_sofa": {
        "point": {
            "x": -2.071052581996928,
            "y": 2.207079920475558,
            "z": 0.0
        },
        "orientation": {
            "x": 0.0,
            "y": 0.0,
            "z": -0.8847737566774735,
            "w": 0.4660208144437659
        }
    },
    "pose_table": {
        "point": {
            "x": -0.5241554884974141,
            "y": -1.5185130707690693,
            "z": 0.0
        },
        "orientation": {
            "x": 0.0,
            "y": 0.0,
            "z": 0.06003227678725081,
            "w": 0.9981964364511321
        }
    },
    "arm_pos_navigating": [
        -87.0,
        -40.0,
        28.0,
        0.0,
        30.0,
        -86.0,
        0.0
    ],
    "arm_pos_point_to": [
        -85.0,
        0.0,
        0.0,
        0.0,
        0.0,
        -90.0,
        0.0
    ],
    "host_name": "John",
    "host_drink": "coffee",
    "host_interest": "swimming",
    "drinks": [
        "kuat",
        "fanta",
        "milk",
        "orange juice",
        "coke",
        "coffee"
    ],
    "names": [
        "Maria",
        "Ana",
        "Francisca",
        "Antonia",
        "Adriana",
        "Juliana",
        "Marcia",
        "Fernanda",
        "Patricia",
        "Aline",
        "Jose",
        "Joao",
        "Antonio",
        "Francisco",
        "Carlos"
    ]
}