{
    "pose_door": {
        "point": {
            "x": 0.955,
            "y": 2.007,
            "z": 0.0
        },
        "orientation": {
            "x": 0.0,
            "y": 0.0,
            "z": 0.6085537443748537,            
            "w": 0.7935126591349033
        }
    },
    "pose_sofa": {
        "point":{
            "x": -0.434,
            "y": -0.423,
            "z": 0.0
        },
        "orientation":{
            "x": 0.0,
            "y": 0.0,
            "z": -0.8027822843251612,
            "w": 0.5962722565855937
        }

    },
    "pose_table": {
        "point": {
            "x": 0.955,
            "y": 2.007,
            "z": 0.0
        },
        "orientation": {
            "x": 0.0,
            "y": 0.0,
            "z": 0.6085537443748537,            
            "w": 0.7935126591349033
        }
    },
    "arm_pos_navigating":  [
        -87.0, 
        -40.0, 
        28.0, 
        0.0, 
        30.0, 
        -86.0, 
        0.0
    ],
    "arm_pos_point_to": [
        -85.0, 
        0.0, 
        0.0, 
        0.0, 
        0.0, 
        -90.0, 
        0.0
    ],
    "host_name": "John",
    "host_drink": "coffee",
    "drinks" : [
        "water",
        "coffee",
        "tea",
        "juice",
        "milk",
        "fanta"
    ],
    "names": [
        "Alice",
        "Bob",
        "Charlie",
        "David",
        "Cassandra",
        "Steven",
        "Michael",
        "Ryan"
    ]
}