{
    "pose_door": {
        "point":{
            "x": 0.024601559509590316,
            "y": 0.22977789101336443,
            "z": 0.0
        },
        "orientation":{
            "x": 0.0,
            "y": 0.0,
            "z": -0.034192071872226656,
            "w": 0.9994152801618977
        }
    },
    "pose_sofa": {
        "point":{
            "x": -0.518,
            "y": 0.112,
            "z": 0.0
        },
        "orientation":{
            "x": 0.0,
            "y": 0.0,
            "z": -0.01086752293952879,
            "w": 0.999940946728935
        }

    },
    "pose_table": {
        "point":{
            "x": -0.511,
            "y": -0.862,
            "z": 0.0
        },
        "orientation":{
            "x": 0.0,
            "y": 0.0,
            "z": -0.8459395267361632,
            "w": 0.5332788361686559
        }
    },
    "arm_pos_navigating":  [
        -87.0, 
        -40.0, 
        28.0, 
        0.0, 
        30.0, 
        -86.0, 
        0.0
    ],
    "arm_pos_point_to": [
        -85.0, 
        0.0, 
        0.0, 
        0.0, 
        0.0, 
        -90.0, 
        0.0
    ],
    "host_name": "John",
    "host_drink": "coffee",
    "drinks" : [
        "water",
        "coffee",
        "tea",
        "juice",
        "milk",
        "fanta"
    ],
    "names": [
        "Alice",
        "Bob",
        "Charlie",
        "David",
        "Cassandra",
        "Steven",
        "Michael",
        "Ryan"
    ]
}