{
    "pose_door": {
        "point": {
            "x": 1.089,
            "y": 1.814,
            "z": 0.0
        },
        "orientation": {
            "x": 0.0,
            "y": 0.0,
            "z": 0.6123886162307554,            
            "w": 0.7905568813886706
        }
    },
    "pose_sofa": {
        "point":{
            "x": -0.511,
            "y": -0.862,
            "z": 0.0
        },
        "orientation":{
            "x": 0.0,
            "y": 0.0,
            "z": -0.8459395267361632,
            "w": 0.5332788361686559
        }

    },
    "pose_table": {
        "point":{
            "x": -0.511,
            "y": -0.862,
            "z": 0.0
        },
        "orientation":{
            "x": 0.0,
            "y": 0.0,
            "z": -0.8459395267361632,
            "w": 0.5332788361686559
        }
    },
    "arm_pos_navigating":  [
        -87.0, 
        -40.0, 
        28.0, 
        0.0, 
        30.0, 
        -86.0, 
        0.0
    ],
    "arm_pos_point_to": [
        -85.0, 
        0.0, 
        0.0, 
        0.0, 
        0.0, 
        -90.0, 
        0.0
    ],
    "host_name": "John",
    "host_drink": "coffee",
    "drinks" : [
        "water",
        "coffee",
        "tea",
        "juice",
        "milk",
        "fanta"
    ],
    "names": [
        "Alice",
        "Bob",
        "Charlie",
        "David",
        "Cassandra",
        "Steven",
        "Michael",
        "Ryan"
    ]
}