{
    "arm_pos_navigating": [
        -86.0, 
        -52.0, 
        18.0, 
        2.0, 
        34.0, 
        -73.0, 
        -9.0
    ],
    "arm_pos_scan": [
        0.0,
        -54.0,
        -1.0,
        35.0,
        0.0,
        47.0,
        -1.0
    ],
    "pose_command": {
        "point":{
            "x": -0.4448996964656909,
            "y": 2.2357462625563884,
            "z": 0.0
        },
        "orientation": {
            "x": 0.0,
            "y": 0.0,
            "z": 0.1793301779054804,
            "w": 0.9837889444857514
        }
    },
    "possible_poses":{
        "living_room" : {
            "point":{
                "x": -0.4448996964656909,
                "y": 2.2357462625563884,
                "z": 0.0
            },
            "orientation": {
                "x": 0.0,
                "y": 0.0,
                "z": 0.1793301779054804,
                "w": 0.9837889444857514
            }
        },
        "kitchen" : {
            "point":{
                "x": -0.4448996964656909,
                "y": 2.2357462625563884,
                "z": 0.0
            },
            "orientation": {
                "x": 0.0,
                "y": 0.0,
                "z": 0.1793301779054804,
                "w": 0.9837889444857514
            }
        }
    },
    "possible_objects":{
        "chips": "yello can of chips",
        "milk": "white and blue milk box"
    }
}