{
    "arm_pos_navigating": [
        -86.0, 
        -52.0, 
        18.0, 
        2.0, 
        34.0, 
        -73.0, 
        -9.0
    ],
    "arm_pos_scan": [
        0.0,
        -54.0,
        -1.0,
        35.0,
        0.0,
        47.0,
        -1.0
    ],
    "pose_command": {
        "point":{
            "x": -0.24807862139018652,
            "y": -0.269211982630145,
            "z": 0.0
        },
        "orientation":{
            "x": 0.0,
            "y": 0.0,
            "z": -0.6415478463057801,
            "w": 0.7670830208656787
        }
    },
    "possible_poses":{
        "living_room" : {
            "point": {
            "x": -2.071052581996928,
            "y": 2.207079920475558,
            "z": 0.0
            },
            "orientation": {
                "x": 0.0,
                "y": 0.0,
                "z": -0.8847737566774735,
                "w": 0.4660208144437659
            }
        },
        "kitchen" : {
            "point":{
                "x": 1.9529934179515136,
                "y": 1.386790734829751,
                "z": 0.0
            },
            "orientation": {
                "x": 0.0,
                "y": 0.0,
                "z": 0.1803747600269408,
                "w": 0.9835979595064355
            }
        },
        "office" : {
            "point":{
                "x": -0.8952338410971045,
                "y": -0.053324343768328286,
                "z": 0.0
            },
            "orientation": {
                "x": 0.0,
                "y": 0.0,
                "z": -0.8634640472509107,
                "w": 0.5044103875864144
            }
        },
        "bedroom" : {
            "point":{
                "x": 0.7976829481405552,
                "y": 0.13984500773402456,
                "z": 0.0
            },
            "orientation": {
                "x": 0.0,
                "y": 0.0,
                "z": -0.21906708194120658,
                "w": 0.9757097998942947
            }
        }
    },
    "possible_objects":{
        "kuat": "green cola can",
        "fanta": "orange fanta can",
        "milk": "blue and white milk box",
        "orange juice": "orange juice bottle",
        "coke": "red cola can",
        "coffee": "brown and black box",
        "lime": "lime fruit",
        "tangerine": "tangerine fruit",
        "pear": "pear fruit",
        "lemon": "lemon fruit",
        "apple": "apple fruit",
        "snack bag": "snack bag",
        "pringles": "chips can",
        "chocolate": "chocolate bar",
        "ketchup": "red bottle with yellow cap",
        "oats": "whte cereal box",
        "mayo": "white bottle with black cap",
        "tuna": "blue tuna can"
    }
}



 
