{
    "arm_pos_navigating": [
        -86.0, 
        -52.0, 
        18.0, 
        2.0, 
        34.0, 
        -73.0, 
        -9.0
    ],
    "arm_pos_scan": [
        0.0,
        -54.0,
        -1.0,
        35.0,
        0.0,
        47.0,
        -1.0
    ],
    "egpsr_rooms":{
        "living_room" : {
            "point":{
                "x": -3.768895888670675,
                "y": 3.1982971433178053,
                "z": 0.0
            },
            "orientation": {
                "x": 0.0,
                "y": 0.0,
                "z": -0.40678724102777986,
                "w": 0.9135229283039408
            }
        },
        "office" : {
            "point": {
            "x": -0.3470491829129409,
            "y": 0.003852113546840608,
            "z": 0.0
            },
            "orientation": {
                "x": 0.0,
                "y": 0.0,
                "z": -0.923731881965021,
                "w": 0.38303969799664445
            }
        },
        "kitchen" : {
            "point":{
                "x": 1.5708344128740712,
                "y": 1.7963399939001017,
                "z": 0.0
            },
            "orientation": {
                "x": 0.0,
                "y": 0.0,
                "z": 0.41309520728941856,
                "w": 0.9106878442773421
            }
        },
        "bedroom" : {
            "point":{
                "x": 1.3411657222910005,
                "y": -0.19893913381642803,
                "z": 0.0
            },
            "orientation": {
                "x": 0.0,
                "y": 0.0,
                "z": -0.343239016173165,
                "w": 0.9392480917076583
            }
        }
    },
    "pose_command" : {
        "point": {
            "x": -3.768895888670675,
            "y": 3.1982971433178053,
            "z": 0.0
            },
        "orientation": {
            "x": 0.0,
            "y": 0.0,
            "z": -0.40678724102777986,
            "w": 0.9135229283039408
        }
    },
    "possible_poses":{
        "living_room" : {
            "point": {
            "x": 3.5102954824679844,
            "y": 1.927354988172565,
            "z": 0.0
            },
            "orientation": {
                "x": 0.0,
                "y": 0.0,
                "z": 0.947499072239037,
                "w": 0.3197585152989115
            }
        },
        "kitchen" : {
            "point":{
                "x": 3.5102954824679844,
                "y": 1.927354988172565,
                "z": 0.0
            },
            "orientation": {
                "x": 0.0,
                "y": 0.0,
                "z": 0.947499072239037,
                "w": 0.3197585152989115
            }
        },
        "office" : {
            "point":{
                "x": 3.5102954824679844,
                "y": 1.927354988172565,
                "z": 0.0
            },
            "orientation": {
                "x": 0.0,
                "y": 0.0,
                "z": 0.947499072239037,
                "w": 0.3197585152989115
            }
        },
        "bedroom" : {
            "point":{
                "x": 3.5102954824679844,
                "y": 1.927354988172565,
                "z": 0.0
            },
            "orientation": {
                "x": 0.0,
                "y": 0.0,
                "z": 0.947499072239037,
                "w": 0.3197585152989115
            }
        }
    },
    "possible_objects":{
        "kuat": "green cola can",
        "fanta": "orange fanta can",
        "milk": "blue and white milk box",
        "orange juice": "orange juice bottle",
        "coke": "red cola can",
        "coffee": "brown and black box",
        "lime": "lime fruit",
        "tangerine": "tangerine fruit",
        "pear": "pear fruit",
        "lemon": "lemon fruit",
        "apple": "apple fruit",
        "snack bag": "snack bag",
        "pringles": "chips can",
        "chocolate": "chocolate bar",
        "ketchup": "red bottle with yellow cap",
        "oats": "whte cereal box",
        "mayo": "white bottle with black cap",
        "tuna": "blue tuna can"
    }
}



 
