{
    "pose_table1": {
        "point" : {
            "x": 11.30716705,
            "y": 3.851762,
            "z": 0.0
        },
        "orientation" :{
            "x": 0.0,
            "y": 0.0,
            "z": -0.5214928409453151,
            "w": 0.8532556573751997
        }
    },
    "pose_table2": {
        "point" : {
            "x": 11.803406715393066,
            "y": 3.946284294128,
            "z": 0.0
        },
        "orientation" :{
            "x": 0.0,
            "y": 0.0,
            "z": -0.49269899574550025,
            "w": 0.8701998044078012
        }
    },
    "pose_table3": {
        "point" : {
            "x": 10.8109273910,
            "y": 3.56819748,
            "z": 0.0
        },
        "orientation" :{
            "x": 0.0,
            "y": 0.0,
            "z": -0.546470351326438,
            "w": 0.8374784505413614
        }
    },
    "pose_shelf" : {
        "point" : {
            "x": 12.6343,
            "y": 5.4323167,
            "z": 0.0
        },
        "orientation" :{
            "x": 0.0,
            "y": 0.0,
            "z": 0.1168466165,
            "w": 0.9931499726
        }
    },
    "point_place": {
        "x": -0.266,
        "y": 1.297,
        "z": 0.706
    },
    "point_shelf_left": {
        "x": 12.6343,
        "y": 5.4323167,
        "z": 0.706
    },
    "point_shelf_right": {
        "x": 12.6343,
        "y": 5.4323167,
        "z": 0.706
    },
    "arm_pos_navigating": [
        -87.0, 
        -44.0, 
        26.0, 
        20.0, 
        30.0, 
        -92.0, 
        0.0
    ],
    "arm_pos_scan": [
        0.0,
        -43.0,
        0.0,
        45.0,
        0.0,
        31.0,
        0.0
    ],
    "arm_pos_drop": [
        -87.0,
        -5.0,
        26.0,
        20.0,
        30.0,
        -92.0,
        0.0
    ],
    "arm_pos_placing": [
        -87.0, 
        -44.0, 
        26.0, 
        20.0, 
        30.0, 
        -92.0, 
        0.0
    ],
    "n_layers": 2
}