{
    "chosen": 1,
    "locations": [
        [
            {
                "point":{
                    "x": -0.4448996964656909,
                    "y": 2.2357462625563884,
                    "z": 0.0
                },
                "orientation": {
                    "x": 0.0,
                    "y": 0.0,
                    "z": 0.1793301779054804,
                    "w": 0.9837889444857514
                }
            },
            {
                "point": {
                    "x": -1.9629124180086714,
                    "y": 3.2452210411635756,
                    "z": 0.0
                },
                "orientation": {
                    "x": 0.0,
                    "y": 0.0,
                    "z": 0.03515866798656578,
                    "w": 0.9993817429117916
                }
            }
        ],
        [
            {
                "point": {
                    "x": -1.6424541861992885,
                    "y": 2.135835782034763,
                    "z": 0.0
                },
                "orientation": {
                    "x": 0.0,
                    "y": 0.0,
                    "z": 0.07785937191451991,
                    "w": 0.9969643515216963
                }
            },
            {
                "point": {
                    "x": -1.9629124180086714,
                    "y": 3.2452210411635756,
                    "z": 0.0
                },
                "orientation": {
                    "x": 0.0,
                    "y": 0.0,
                    "z": 0.03515866798656578,
                    "w": 0.9993817429117916
                }
            }
        ]
    ],
    "pose_shelf": {
        "point": {
            "x": -2.118306250740895,
            "y": 3.296776420931869,
            "z": 0.0
        },
        "orientation": {
            "x": 0.0,
            "y": 0.0,
            "z": 0.7477120836452452,
            "w": 0.6640230718663966
        }
    },

    "point_place": {
        "x": -0.266,
        "y": 1.297,
        "z": 0.706
    },
    "point_shelf_left": {
        "x": -4.58768367767334,
        "y": -4.200411319732666,
        "z": 0.706
    },
    "point_shelf_right": {
        "x": -4.590838432312012,
        "y": -3.505005359649658,
        "z": 0.706
    },
    "arm_pos_navigating": [
        -86.0, 
        -52.0, 
        18.0, 
        2.0, 
        34.0, 
        -73.0, 
        -9.0
    ],
    "arm_pos_scan": [
        0.0,
        -54.0,
        -1.0,
        35.0,
        0.0,
        47.0,
        -1.0
    ],
    "arm_pos_drop": [
        -87.0,
        -5.0,
        26.0,
        20.0,
        30.0,
        -80.0,
        0.0
    ],
    "arm_pos_placing": [
        -87.0, 
        -44.0, 
        26.0, 
        20.0, 
        30.0, 
        -80.0, 
        0.0
    ],
    "n_layers": 2
}
