{
    "pose_table1": {
        "point": {
            "x": -0.7620195723598628,
            "y": 2.122532832370513,
            "z": 0.0
        },
        "orientation": {
            "x": 0.0,
            "y": 0.0,
            "z": 0.07029456008574758,
            "w": 0.9975262777603161
        }
    },
    "pose_table2": {
        "point" : {
            "x": -0.6820231708238205,
            "y": -0.7320764127321688,
            "z": 0.0
        },
        "orientation" :{
            "x": 0.0,
            "y": 0.0,
            "z": -0.7860332901652972,
            "w": 0.618184168959314
        }
    },
    "pose_table3": {
        "point" : {
            "x": -0.6820231708238205,
            "y": -0.7320764127321688,
            "z": 0.0
        },
        "orientation" :{
            "x": 0.0,
            "y": 0.0,
            "z": -0.7860332901652972,
            "w": 0.618184168959314
        }
    },
    "pose_shelf" : {
        "point" : {
            "x": -3.874807708860564,
            "y": -3.9739822010403936,
            "z": 0.0
        },
        "orientation" :{
            "x": 0.0,
            "y": 0.0,
            "z": 0.9991439971969766,
            "w": 0.04136753395173795
        }
    },
    "point_place": {
        "x": -0.266,
        "y": 1.297,
        "z": 0.706
    },
    "point_shelf_left": {
        "x": -4.58768367767334,
        "y": -4.200411319732666,
        "z": 0.706
    },
    "point_shelf_right": {
        "x": -4.590838432312012,
        "y": -3.505005359649658,
        "z": 0.706
    },
    "arm_pos_navigating": [
        -86.0, 
        -52.0, 
        18.0, 
        2.0, 
        34.0, 
        -73.0, 
        -9.0
    ],
    "arm_pos_scan": [
        0.0,
        -43.0,
        0.0,
        45.0,
        0.0,
        31.0,
        0.0
    ],
    "arm_pos_drop": [
        -87.0,
        -5.0,
        26.0,
        20.0,
        30.0,
        -80.0,
        0.0
    ],
    "arm_pos_placing": [
        -87.0, 
        -44.0, 
        26.0, 
        20.0, 
        30.0, 
        -80.0, 
        0.0
    ],
    "n_layers": 2
}
